model_name,roc_auc,pr_auc,brier_score,disparate_impact_sex,disparate_impact_race,equal_opportunity_gap_sex,equal_opportunity_gap_race,train_seconds,inference_ms_per_1000
gradient_boosting,0.9160230999291463,0.8079057837397212,0.0971020892710796,0.3227419969512195,0.5465735162704859,-0.08402156207492995,-0.05448793642250249,1.8129939999780618,1.1461412232668975
random_forest,0.9151931170416198,0.8071114390248447,0.0975828029834928,0.3660992803281507,0.5727583072595404,-0.02980066835715134,-0.02733458921225629,0.5296388000133447,7.954617934570102
xgboost,0.9138514938222589,0.8038978311041952,0.10261741101672404,0.3424171775140212,0.4795257204760315,-0.06579791432265869,-0.08181703345287983,1.3382588000094984,0.9070462456742416
logistic_regression,0.8076921494506993,0.6342119590446654,0.13726322633883453,0.3327479798354215,1.008019696489763,-0.13958924583116428,0.13015372617079585,0.8712910999893211,0.15332836076708628
